ExperimentName,ElapsedSeconds,Adjusted time,FinalSystemDecision,ConfirmedDrowsinessFlag,DrowsyEventCount,YawnCandidateActive,YawningEventCount,FrequentYawningAlert,FaceFound,SpeedDisplayKmh,AlertsEnabled
P01_drowsiness,42.967,0,DISTRACTION_CONFIRMED,0,0,0,0,0,1,0,0
P01_drowsiness,44.001,1.034,ATTENTIVE_NORMAL,0,0,0,0,0,1,3.4,0
P01_drowsiness,45.139,2.172,ATTENTIVE_NORMAL,0,0,0,0,0,1,5.2,0
P01_drowsiness,46.169,3.202,ATTENTIVE_NORMAL,0,0,0,0,0,1,7,0
P01_drowsiness,47.178,4.211,ATTENTIVE_NORMAL,0,0,0,0,0,1,8.6,0
P01_drowsiness,48.188,5.221,DISTRACTION_CONFIRMED,0,0,0,0,0,1,8.6,0
P01_drowsiness,49.191,6.224,DISTRACTION_CONFIRMED,0,0,0,0,0,1,8.4,0
P01_drowsiness,50.291,7.324,ATTENTIVE_NORMAL,0,0,0,0,0,1,8.6,0
P01_drowsiness,51.382,8.415,ATTENTIVE_NORMAL,0,0,0,0,0,1,9,0
P01_drowsiness,52.392,9.425,DISTRACTION_CONFIRMED,0,0,0,0,0,1,13,1
P01_drowsiness,53.431,10.464,DISTRACTION_CONFIRMED,0,0,0,0,0,1,14.6,1
P01_drowsiness,54.509,11.542,DISTRACTION_CONFIRMED,0,0,0,0,0,1,15.8,1
P01_drowsiness,55.518,12.551,DISTRACTION_CONFIRMED,1,0,0,0,0,1,16.8,1
P01_drowsiness,56.56,13.593,DISTRACTION_CONFIRMED,1,0,0,0,0,1,16.4,1
P01_drowsiness,57.568,14.601,DISTRACTION_CONFIRMED,1,0,0,0,0,1,16.4,1
P01_drowsiness,58.715,15.748,DISTRACTION_CONFIRMED,1,0,0,0,0,1,16.6,1
P01_drowsiness,59.732,16.765,DISTRACTION_CONFIRMED,1,0,0,0,0,1,16.8,1
P01_drowsiness,60.778,17.811,FATIGUE_DROWSINESS_CONFIRMED,1,0,0,0,0,1,17,1
P01_drowsiness,61.782,18.815,FATIGUE_DROWSINESS_CONFIRMED,1,0,0,0,0,1,17,1
P01_drowsiness,62.913,19.946,FATIGUE_DROWSINESS_CONFIRMED,1,0,0,0,0,1,17,1
P01_drowsiness,63.922,20.955,FATIGUE_DROWSINESS_CONFIRMED,1,0,0,0,0,1,17,1
P01_drowsiness,64.931,21.964,FATIGUE_DROWSINESS_CONFIRMED,1,0,0,0,0,1,17,1
P01_drowsiness,66.113,23.146,FATIGUE_DROWSINESS_EVENT,0,1,0,0,0,1,17,1
P01_drowsiness,67.16,24.193,DISTRACTION_CONFIRMED,0,1,0,0,0,1,17,1
P01_drowsiness,68.296,25.329,DISTRACTION_CONFIRMED,0,1,0,0,0,1,16.8,1
P01_drowsiness,69.378,26.411,ATTENTIVE_NORMAL,1,1,0,0,0,1,17.2,1
P01_drowsiness,70.385,27.418,ATTENTIVE_NORMAL,1,1,0,0,0,1,18,1
P01_drowsiness,71.503,28.536,DISTRACTION_CONFIRMED,1,1,0,0,0,1,18.8,1
P01_drowsiness,72.682,29.715,ATTENTIVE_NORMAL,1,1,0,0,0,1,19.8,1
P01_drowsiness,73.72,30.753,ATTENTIVE_NORMAL,1,1,0,0,0,1,20.6,1
P01_drowsiness,74.723,31.756,FATIGUE_DROWSINESS_CONFIRMED,1,1,0,0,0,1,20.6,1
P01_drowsiness,75.894,32.927,FATIGUE_DROWSINESS_CONFIRMED,1,1,0,0,0,1,20.4,1
P01_drowsiness,76.903,33.936,FATIGUE_DROWSINESS_CONFIRMED,1,1,0,0,0,1,20,1
P01_drowsiness,77.952,34.985,FATIGUE_DROWSINESS_CONFIRMED,1,1,0,0,0,1,20.2,1
P01_drowsiness,79.096,36.129,FATIGUE_DROWSINESS_CONFIRMED,1,1,0,0,0,1,20.4,1
P01_drowsiness,80.101,37.134,FATIGUE_DROWSINESS_CONFIRMED,1,1,0,0,0,1,20.6,1
P01_drowsiness,81.172,38.205,FATIGUE_DROWSINESS_EVENT,0,2,0,0,0,1,20.6,1
P01_drowsiness,82.282,39.315,ATTENTIVE_NORMAL,0,2,0,0,0,1,20.6,1
P01_drowsiness,83.316,40.349,ATTENTIVE_NORMAL,0,2,0,0,0,1,20.2,1
P01_drowsiness,84.382,41.415,ATTENTIVE_NORMAL,0,2,0,0,0,1,19.6,1
P01_drowsiness,85.394,42.427,ATTENTIVE_NORMAL,1,2,0,0,0,1,18.4,1
P01_drowsiness,86.456,43.489,ATTENTIVE_NORMAL,1,2,0,0,0,1,18.2,1
P01_drowsiness,87.465,44.498,ATTENTIVE_NORMAL,1,2,0,0,0,1,18,1
P01_drowsiness,88.534,45.567,ATTENTIVE_NORMAL,1,2,0,0,0,1,18,1
P01_drowsiness,89.592,46.625,ATTENTIVE_NORMAL,1,2,0,0,0,1,18.2,1
P01_drowsiness,90.644,47.677,FATIGUE_DROWSINESS_CONFIRMED,1,2,0,0,0,1,18.2,1
P01_drowsiness,91.663,48.696,FATIGUE_DROWSINESS_CONFIRMED,1,2,0,0,0,1,18,1
P01_drowsiness,92.857,49.89,FATIGUE_DROWSINESS_CONFIRMED,1,2,0,0,0,1,18,1
P01_drowsiness,93.865,50.898,FATIGUE_DROWSINESS_CONFIRMED,1,2,0,0,0,1,18,1
P01_drowsiness,94.869,51.902,FATIGUE_DROWSINESS_CONFIRMED,1,2,0,0,0,1,18,1
P01_drowsiness,95.9,52.933,FATIGUE_DROWSINESS_EVENT,0,3,0,0,0,1,18,1
P01_drowsiness,96.912,53.945,ATTENTIVE_NORMAL,0,3,0,0,0,1,18,1
P01_drowsiness,97.971,55.004,DISTRACTION_CONFIRMED,0,3,0,0,0,1,17.8,1
P01_drowsiness,99.04,56.073,DISTRACTION_CONFIRMED,0,3,0,0,0,1,17.6,1
P01_drowsiness,100.115,57.148,DISTRACTION_CONFIRMED,0,3,0,0,0,1,17.4,1
P01_drowsiness,101.13,58.163,DISTRACTION_CONFIRMED,0,3,0,0,0,1,17.4,1
P01_drowsiness,102.149,59.182,DISTRACTION_CONFIRMED,0,3,0,0,0,1,18.2,1
P01_drowsiness,103.17,60.203,DISTRACTION_CONFIRMED,0,3,1,0,0,1,19,1
P01_drowsiness,104.317,61.35,DISTRACTION_CONFIRMED,0,3,1,0,0,1,20,1
P01_drowsiness,105.346,62.379,ATTENTIVE_NORMAL,0,3,1,0,0,1,20.8,1
P01_drowsiness,106.385,63.418,DISTRACTION_CONFIRMED,0,3,0,1,0,1,21.2,1
P01_drowsiness,107.555,64.588,DISTRACTION_CONFIRMED,1,3,0,1,0,1,21.8,1
P01_drowsiness,108.557,65.59,ATTENTIVE_NORMAL,0,3,0,1,0,1,22,1
P01_drowsiness,109.665,66.698,ATTENTIVE_NORMAL,0,3,1,1,0,1,21.8,1
P01_drowsiness,110.689,67.722,ATTENTIVE_NORMAL,0,3,1,1,0,1,21.4,1
P01_drowsiness,111.79,68.823,ATTENTIVE_NORMAL,0,3,1,1,0,1,21,1
P01_drowsiness,112.806,69.839,ATTENTIVE_NORMAL,0,3,1,1,0,1,20.8,1
P01_drowsiness,113.862,70.895,ATTENTIVE_NORMAL,0,3,0,2,0,1,20.8,1
P01_drowsiness,114.98,72.013,ATTENTIVE_NORMAL,0,3,0,2,0,1,21,1
P01_drowsiness,115.995,73.028,DISTRACTION_CONFIRMED,0,3,0,2,0,1,20.6,1
P01_drowsiness,117.018,74.051,DISTRACTION_CONFIRMED,0,3,0,2,0,1,21,1
P01_drowsiness,118.155,75.188,ATTENTIVE_NORMAL,0,3,1,2,0,1,22,1
P01_drowsiness,119.31,76.343,ATTENTIVE_NORMAL,0,3,1,2,0,1,24.4,1
P01_drowsiness,120.389,77.422,DISTRACTION_CONFIRMED,0,3,1,2,0,1,24.8,1
P01_drowsiness,121.503,78.536,DISTRACTION_CONFIRMED,0,3,0,3,0,1,24.2,1
P01_drowsiness,122.555,79.588,DISTRACTION_CONFIRMED,0,3,0,3,0,1,22.6,1
P01_drowsiness,123.561,80.594,ATTENTIVE_NORMAL,0,3,0,3,0,1,21.4,1
P01_drowsiness,124.689,81.722,ATTENTIVE_NORMAL,0,3,0,3,0,1,21.6,1
P01_drowsiness,125.73,82.763,ATTENTIVE_NORMAL,0,3,0,3,0,1,22.8,1
P01_drowsiness,126.772,83.805,DISTRACTION_CONFIRMED,0,3,0,3,0,1,24.6,1
P01_drowsiness,127.817,84.85,DISTRACTION_CONFIRMED,0,3,0,3,0,1,24,1
P01_drowsiness,128.858,85.891,DISTRACTION_CONFIRMED,0,3,0,3,0,1,22.6,1
P01_drowsiness,129.899,86.932,DISTRACTION_CONFIRMED,0,3,0,3,0,1,20.8,1
P01_drowsiness,130.946,87.979,DISTRACTION_CONFIRMED,0,3,0,3,0,1,19.6,1
P01_drowsiness,131.954,88.987,ATTENTIVE_NORMAL,0,3,1,3,0,1,19,1
P01_drowsiness,132.96,89.993,ATTENTIVE_NORMAL,0,3,1,3,0,1,19.2,1
P01_drowsiness,134.003,91.036,ATTENTIVE_NORMAL,0,3,1,3,0,1,20,1
P01_drowsiness,135.026,92.059,ATTENTIVE_NORMAL,1,3,1,3,0,1,21.2,1
P01_drowsiness,136.198,93.231,DISTRACTION_CONFIRMED,0,3,0,4,0,1,22.4,1
P01_drowsiness,137.245,94.278,DISTRACTION_CONFIRMED,0,3,0,4,0,1,22,1
P01_drowsiness,138.273,95.306,DISTRACTION_CONFIRMED,0,3,1,4,0,1,21.6,1
P01_drowsiness,139.283,96.316,DISTRACTION_CONFIRMED,0,3,1,4,0,1,21.8,1
P01_drowsiness,140.294,97.327,DISTRACTION_CONFIRMED,0,3,1,4,0,1,21.8,1
P01_drowsiness,141.406,98.439,DISTRACTION_CONFIRMED,0,3,1,4,0,1,21.8,1
P01_drowsiness,142.466,99.499,FATIGUE_FREQUENT_YAWNING,0,3,0,5,1,1,22,1
P01_drowsiness,143.481,100.514,FATIGUE_FREQUENT_YAWNING,0,3,0,5,1,1,21.6,1
P01_drowsiness,144.528,101.561,FATIGUE_FREQUENT_YAWNING,0,3,0,5,1,1,20,1
P01_drowsiness,145.598,102.631,FATIGUE_FREQUENT_YAWNING,1,3,0,5,1,1,18.8,1
P01_drowsiness,146.632,103.665,FATIGUE_FREQUENT_YAWNING,1,3,0,5,1,1,18.4,1
P01_drowsiness,147.68,104.713,FATIGUE_FREQUENT_YAWNING,1,3,0,5,1,1,18.2,1
P01_drowsiness,148.706,105.739,FATIGUE_FREQUENT_YAWNING,1,3,0,5,1,1,18.4,1
P01_drowsiness,149.742,106.775,FATIGUE_FREQUENT_YAWNING,1,3,0,5,1,1,18.2,1
P01_drowsiness,150.755,107.788,FATIGUE_FREQUENT_YAWNING,1,3,0,5,1,1,18.2,1
P01_drowsiness,151.774,108.807,FATIGUE_FREQUENT_YAWNING,1,3,0,5,1,1,18.4,1
P01_drowsiness,152.808,109.841,FATIGUE_FREQUENT_YAWNING,1,3,0,5,1,1,18.4,1
P01_drowsiness,153.818,110.851,FATIGUE_FREQUENT_YAWNING,1,3,0,5,1,1,18.4,1
P01_drowsiness,154.873,111.906,FATIGUE_FREQUENT_YAWNING,0,4,0,5,1,1,18.6,1
P01_drowsiness,155.882,112.915,FATIGUE_FREQUENT_YAWNING,0,4,0,5,1,1,18.6,1
P01_drowsiness,156.914,113.947,FATIGUE_FREQUENT_YAWNING,0,4,0,5,1,1,18.8,1
P01_drowsiness,157.927,114.96,FATIGUE_FREQUENT_YAWNING,0,4,0,5,1,1,19,1
P01_drowsiness,158.934,115.967,FATIGUE_FREQUENT_YAWNING,0,4,0,5,1,1,19,1
P01_drowsiness,159.944,116.977,FATIGUE_FREQUENT_YAWNING,0,4,0,5,1,1,19,1
P01_drowsiness,161.003,118.036,FATIGUE_FREQUENT_YAWNING,0,4,0,5,1,1,19,1
P01_drowsiness,162.119,119.152,FATIGUE_FREQUENT_YAWNING,0,4,0,5,1,1,19,1
P01_drowsiness,163.135,120.168,FATIGUE_FREQUENT_YAWNING,0,4,0,5,1,1,19,1
P01_drowsiness,164.307,121.34,FATIGUE_FREQUENT_YAWNING,0,4,0,5,1,1,18.8,1
P01_drowsiness,165.353,122.386,FATIGUE_FREQUENT_YAWNING,0,4,0,5,1,1,18.8,1
P01_drowsiness,166.399,123.432,FATIGUE_FREQUENT_YAWNING,0,4,0,5,1,1,18.8,1
P01_drowsiness,167.451,124.484,FATIGUE_FREQUENT_YAWNING,0,4,0,5,1,1,18.8,1
P01_drowsiness,168.476,125.509,FATIGUE_FREQUENT_YAWNING,1,4,0,5,1,1,19,1
P01_drowsiness,169.607,126.64,FATIGUE_FREQUENT_YAWNING,1,4,0,5,1,1,19,1
P01_drowsiness,170.614,127.647,FATIGUE_FREQUENT_YAWNING,1,4,0,5,1,1,19,1
P01_drowsiness,171.645,128.678,FATIGUE_FREQUENT_YAWNING,1,4,0,5,1,1,19,1
P01_drowsiness,172.674,129.707,FATIGUE_FREQUENT_YAWNING,1,4,0,5,1,1,19,1
P01_drowsiness,173.838,130.871,FATIGUE_FREQUENT_YAWNING,1,4,0,5,1,1,19,1
P01_drowsiness,174.84,131.873,FATIGUE_FREQUENT_YAWNING,0,5,0,5,1,1,18.8,1
P01_drowsiness,175.886,132.919,FATIGUE_FREQUENT_YAWNING,0,5,0,5,1,1,18.6,1
P01_drowsiness,176.903,133.936,FATIGUE_FREQUENT_YAWNING,0,5,0,5,1,1,18.4,1
P01_drowsiness,178.06,135.093,FATIGUE_FREQUENT_YAWNING,0,5,0,5,1,1,18.4,1
